{
  "src\\cli.py": 1776449801.7848983,
  "src\\database.py": 1776408948.2502842,
  "src\\embeddings.py": 1776408927.8366728,
  "src\\indexer.py": 1776408951.9586236,
  "src\\mcp_server.py": 1776412010.5053484,
  "src\\models.py": 1776408444.6965387,
  "src\\searcher.py": 1776409023.1367047,
  "src\\vault_manager.py": 1776410929.0671322,
  "src\\__init__.py": 1776449757.3837802,
  "src\\agents\\models.py": 1776410900.1342597,
  "src\\agents\\organization.py": 1776410916.6747046,
  "src\\agents\\refinement.py": 1776410911.9497104,
  "src\\api\\main.py": 1776416071.934688,
  "src\\api\\models.py": 1776414653.4944339,
  "src\\converters\\docling_wrapper.py": 1776408468.5585456,
  "src\\converters\\markitdown_wrapper.py": 1776408477.6135325,
  "src\\converters\\orchestrator.py": 1776408488.8250866,
  "tests\\test_cli.py": 1776449833.5495245,
  "tests\\test_converters.py": 1776448177.087735,
  "tests\\test_database.py": 1776449447.4085493,
  "tests\\test_embeddings.py": 1776449432.6501074,
  "tests\\test_indexer.py": 1776449454.1629357,
  "tests\\test_models.py": 1776447983.358482,
  "tests\\test_searcher.py": 1776449461.7143042,
  "tests\\test_vault_manager.py": 1776449481.060241,
  "ui\\eslint.config.js": 1776415016.1116955,
  "ui\\vite.config.ts": 1776415016.3476067,
  "ui\\src\\App.tsx": 1776416051.8145738,
  "ui\\src\\main.tsx": 1776415016.3632197,
  "CLAUDE.md": 1776404587.8099084,
  "README.md": 1776408300.5085275,
  "ui\\index.html": 1776415956.844773,
  "ui\\README.md": 1776415016.19055,
  "vault\\Concepts\\README.md": 1776408573.1186333,
  "ui\\public\\favicon.svg": 1776415016.2585425,
  "ui\\public\\icons.svg": 1776415016.2847376,
  "ui\\src\\assets\\hero.png": 1776415016.222441,
  "ui\\src\\assets\\react.svg": 1776415016.3085647,
  "ui\\src\\assets\\vite.svg": 1776415016.318281
}